ingenio,zafra,no_s_zafra,cana_molida_bruta,cana_molida_neta,superficie_cosechada,azucar_producida_total,azucar_producida_refinada,azucar_producida_estandar,azucar_producida_blanca_especial,azucar_producida_mascabado,toneladas_azucar_con_pol_menor_99_2,karbe_ton_cana_bruta_teorico,karbe_ton_cania_neta_teorico,eficiencia_en_fabrica,rendimiento_campo,rendimiento_fabrica,rendimiento_agroindustrial
Adolfo López Mateos,2025-2026,12,16974.0,0.0,282.9,912.27,0.0,0.0,0.0,0.0,912.27,0.0,0.0,0.0,60.0,5.3745,3.224708
Adolfo López Mateos,2025-2026,13,23004.0,22041.8,370.316,1456.77,0.0,0.0,0.0,0.0,1456.77,0.0,92.04,80.609,62.119919,6.3326,3.933856
Adolfo López Mateos,2025-2026,14,58826.0,56463.691,883.141,4564.34,0.0,0.0,0.0,0.0,4564.34,0.0,93.725,79.973,66.609975,7.759,5.168302
Alianza Popular,2025-2026,10,40860.0,39584.878,509.89,3355.45,0.0,3355.45,0.0,0.0,0.0,0.0,110.664,74.255,80.134931,8.212,6.580733
Alianza Popular,2025-2026,11,77285.0,74325.455,992.28,7177.325,0.0,7177.325,0.0,0.0,0.0,0.0,112.212,77.943,77.886282,9.2868,7.233165
Alianza Popular,2025-2026,12,95415.0,91609.182,1323.25,9135.125,0.0,9135.125,0.0,0.0,0.0,0.0,112.297,79.047,72.106555,9.574,6.903551
Alianza Popular,2025-2026,13,123840.0,119083.677,1807.8,11674.9,0.0,11674.9,0.0,0.0,0.0,0.0,111.426,78.411,68.503153,9.4274,6.45807
Alianza Popular,2025-2026,14,158690.0,152213.427,2298.01,15711.325,0.0,15711.325,0.0,0.0,0.0,0.0,112.511,79.275,69.0554,9.9006,6.836926
Atencingo,2025-2026,7,18516.82,0.0,173.769,784.5,0.0,784.5,0.0,0.0,0.0,0.0,0.0,0.0,106.559973,4.2366,4.514614
Atencingo,2025-2026,8,78924.38,77740.572,629.056,7607.0,0.0,7607.0,0.0,0.0,0.0,116.794,118.5725008,83.101311,125.464791,9.6383,12.092723
Atencingo,2025-2026,9,146857.71,144654.889,1159.06,15627.5,0.0,15627.5,0.0,0.0,0.0,116.858,118.6375268,84.102349,126.704148,10.6412,13.482908
Atencingo,2025-2026,10,218271.19,214997.151,1728.868,24107.5,0.0,24107.5,0.0,0.0,0.0,117.028,118.8101363,84.413914,126.250928,11.0447,13.944095
Atencingo,2025-2026,11,285656.44,281371.674,2295.969,32224.5,0.0,32224.5,0.0,0.0,0.0,117.5,119.2893059,84.746522,124.416505,11.2808,14.03525
Atencingo,2025-2026,12,358243.4,352869.843,2948.055,41063.5,0.0,41063.5,0.0,0.0,0.0,118.26,120.0608817,84.896822,121.51856,11.4624,13.929014
Atencingo,2025-2026,13,424140.28,417778.283,3555.687,49298.5,0.0,49298.5,0.0,0.0,0.0,118.981,120.7928624,85.012839,119.285043,11.6231,13.86469
Atencingo,2025-2026,14,489262.3,481923.481,4126.324,57437.5,0.0,57437.5,0.0,0.0,0.0,119.729,121.5522551,85.033689,118.570984,11.7396,13.919774
Bellavista,2025-2026,10,3796.62,3680.33,133.08,133.875,0.0,133.875,0.0,0.0,0.0,0.0,101.546,69.868,28.528854,3.5261,1.005973
Bellavista,2025-2026,11,23610.0,22879.196,317.58,1341.5,0.0,1341.5,0.0,0.0,0.0,0.0,95.1,67.155,74.343472,5.6819,4.224132
Bellavista,2025-2026,12,52567.33,50976.269,626.21,4039.925,0.0,4039.925,0.0,0.0,0.0,0.0,96.439,72.894,83.94521,7.6852,6.45139
Bellavista,2025-2026,13,82849.18,80325.839,928.43,7007.55,0.0,7007.55,0.0,0.0,0.0,0.0,98.184,76.266,89.235785,8.4582,7.547741
Bellavista,2025-2026,14,112282.83,108803.759,1236.22,10062.9,0.0,10062.9,0.0,0.0,0.0,0.0,99.931,78.229,90.827546,8.9621,8.140055
Central Casasano,2025-2026,9,8759.24,0.0,83.608,358.5,0.0,358.5,0.0,0.0,0.0,0.0,0.0,82.725,104.765572,4.0928,4.287867
Central Casasano,2025-2026,10,36548.78,36399.542,334.75,3750.0,0.0,3750.0,0.0,0.0,0.0,0.0,117.647,83.557,109.182315,10.2602,11.202389
Central Casasano,2025-2026,11,67802.33,67653.092,630.63,7554.0,0.0,7554.0,0.0,0.0,0.0,0.0,120.962,84.443,107.51523,11.1412,11.978497
Central Casasano,2025-2026,12,97850.64,97701.402,897.27,11466.0,0.0,11466.0,0.0,0.0,0.0,0.0,121.837,84.955,109.053729,11.7178,12.778762
Central Casasano,2025-2026,13,122133.61,121984.372,1116.97,14682.0,0.0,14682.0,0.0,0.0,0.0,0.0,122.605,85.177,109.343679,12.0212,13.144489
Central Casasano,2025-2026,14,143773.362,143624.124,1313.57,17187.0,0.0,17187.0,0.0,0.0,0.0,0.0,123.601,85.107,109.452379,11.9542,13.08419
Central El Potrero,2025-2026,11,31504.509,30638.356,395.913,199.5,199.5,0.0,0.0,0.0,0.0,0.0,0.0,74.125,79.574323,0.6332,0.503898
Central El Potrero,2025-2026,12,94271.928,91706.969,1299.578,5754.0,5754.0,0.0,0.0,0.0,0.0,0.0,0.0,75.205,72.540415,6.1036,4.427591
Central El Potrero,2025-2026,13,125748.808,122172.621,1639.417,8617.5,8617.5,0.0,0.0,0.0,0.0,0.0,0.0,75.43,76.703369,6.8529,5.256441
Central El Potrero,2025-2026,14,136611.498,132747.622,1770.667,9360.0,9360.0,0.0,0.0,0.0,0.0,0.0,0.0,75.111,77.152563,6.8515,5.286143
Central La Providencia,2025-2026,11,39930.06,38704.087,597.77,2676.93,0.0,2676.93,0.0,0.0,0.0,0.0,0.0,76.991,66.798367,6.704,4.478193
Central La Providencia,2025-2026,12,75200.76,72925.058,1081.53,5574.19,0.0,5574.19,0.0,0.0,0.0,0.0,0.0,77.283,69.531829,7.4124,5.153985
Central La Providencia,2025-2026,13,89101.08,86408.627,1273.26,6564.14,0.0,6564.14,0.0,0.0,0.0,0.0,0.0,76.77,69.9787,7.367,5.15538
Central La Providencia,2025-2026,14,115937.41,112470.297,1636.9,8753.73,0.0,8753.73,0.0,0.0,0.0,0.0,0.0,76.653,70.827423,7.5503,5.347748
Central Motzorongo,2025-2026,13,59758.0,57705.025,907.39,2200.605,0.0,776.575,0.0,0.0,1424.03,65.901,68.246,60.24,65.857018,3.6825,2.425203
Central Motzorongo,2025-2026,14,68208.0,65862.029,1048.49,2536.055,0.0,776.575,0.0,0.0,1759.48,67.485,69.889,58.07,65.053553,3.7181,2.418768
Central San Miguelito,2025-2026,12,9533.46,0.0,53.604,521.2,0.0,521.2,0.0,0.0,0.0,0.0,0.0,76.755,177.849787,5.467,9.723154
Central San Miguelito,2025-2026,13,16295.16,15642.087,178.68,1053.425,0.0,1053.425,0.0,0.0,0.0,0.0,0.0,76.573,91.197447,6.4646,5.895595
Central San Miguelito,2025-2026,14,30690.93,29419.353,340.38,2178.125,0.0,2178.125,0.0,0.0,0.0,0.0,0.0,75.8,90.166666,7.0969,6.399098
Cía. La Fe (Pujiltic),2025-2026,7,29260.0,28821.0,313.48,2081.45,0.0,2081.45,0.0,0.0,0.0,110.684,112.369933,83.89459,93.339287,7.1136,6.639817
Cía. La Fe (Pujiltic),2025-2026,8,93892.0,92483.0,930.08,9409.425,0.0,9409.425,0.0,0.0,0.0,112.869,114.5885854,85.137894,100.950455,10.0215,10.116791
Cía. La Fe (Pujiltic),2025-2026,9,161160.0,158743.0,1604.48,17582.525,0.0,17582.525,0.0,0.0,0.0,114.687,116.4332091,85.479699,100.443757,10.9099,10.958394
Cía. La Fe (Pujiltic),2025-2026,10,232364.0,228878.0,2306.44,26116.975,0.0,26116.975,0.0,0.0,0.0,115.679,117.4408862,85.873152,100.745738,11.2396,11.3235
Cía. La Fe (Pujiltic),2025-2026,11,299758.0,295261.0,2980.66,34396.46,0.0,34396.46,0.0,0.0,0.0,116.684,118.4611665,86.093812,100.567659,11.4747,11.53988
Cía. La Fe (Pujiltic),2025-2026,12,365317.0,359837.0,3645.66,42492.98,0.0,42492.98,0.0,0.0,0.0,117.561,119.3513503,86.186812,100.205998,11.6318,11.655771
Cía. La Fe (Pujiltic),2025-2026,13,412334.0,406149.0,4113.99,48050.15,0.0,48050.15,0.0,0.0,0.0,117.78,119.5736011,86.206458,100.227273,11.6532,11.679695
Cía. La Fe (Pujiltic),2025-2026,14,462704.0,455763.0,4621.75,54229.98,0.0,54229.98,0.0,0.0,0.0,118.233,120.0336184,86.285565,100.114458,11.7202,11.733646
Constancia,2025-2026,11,2457.0,0.0,42.774,0.0,0.0,0.0,0.0,0.0,0.0,0.0,0.0,70.345,57.441436,0.0,0.0
Constancia,2025-2026,12,34922.62,33331.857,719.91,1617.0,0.0,1617.0,0.0,0.0,0.0,0.0,0.0,70.431,48.509702,4.6302,2.246114
Constancia,2025-2026,13,55350.0,52894.139,1225.4,2668.5,0.0,2668.5,0.0,0.0,0.0,0.0,0.0,70.425,45.168924,4.8211,2.177656
Constancia,2025-2026,14,62119.18,59268.859,1325.34,3027.0,0.0,3027.0,0.0,0.0,0.0,0.0,0.0,69.028,46.870372,4.8728,2.283942
El Higo,2025-2026,11,35992.0,32950.447,449.64,2040.6901,0.0,2040.6901,0.0,0.0,0.0,89.962,98.2661117,72.845313,80.046259,5.6698,4.538497
El Higo,2025-2026,12,68926.0,62926.227,861.31,4915.4591,0.0,4915.4591,0.0,0.0,0.0,91.448,100.167214,71.797332,80.024613,7.1315,5.706956
El Higo,2025-2026,13,97635.0,88517.784,1220.18,7629.844101,0.0,7629.844101,0.0,0.0,0.0,89.484,98.700735,73.446238,80.016882,7.8146,6.253047
El Higo,2025-2026,14,122212.0,111122.309,1537.68,9346.361201,0.0,9346.361201,0.0,0.0,0.0,89.627,98.5715202,73.690686,79.478174,7.6476,6.078222
El Mante,2025-2026,9,39194.66,35545.926,393.126,2008.19,0.0,2008.19,0.0,0.0,0.0,0.0,105.403,52.9047024,99.699994,5.1236,5.10826
El Mante,2025-2026,10,90347.44,82260.582,974.143,6081.435,0.0,6081.435,0.0,0.0,0.0,0.0,111.216,67.3988578,92.745561,6.7311,6.242856
El Mante,2025-2026,11,147614.03,134671.473,1724.693,11637.72,920.0,10717.72,0.0,0.0,0.0,0.0,113.561,71.0531777,85.588583,7.8838,6.747705
El Mante,2025-2026,12,208177.34,189920.317,2414.083,17458.9,2384.0,15074.9,0.0,0.0,0.0,0.0,115.64,71.8329312,86.234541,8.3865,7.232104
El Mante,2025-2026,13,235103.31,214485.831,2733.383,19976.811,2960.0,17016.811,0.0,0.0,0.0,0.0,116.469,69.9541818,86.011843,8.497,7.308456
El Mante,2025-2026,14,295519.96,269569.52,3468.633,25814.236,4340.0,21474.236,0.0,0.0,0.0,0.0,118.472,72.2073579,85.197817,8.7351,7.442192
El Modelo,2025-2026,9,2370.0,2245.525,73.351,0.003,0.0,0.003,0.0,0.0,0.0,0.0,76.503,53.794,32.310397,0.0001,4e-05
El Modelo,2025-2026,10,11305.385,10860.642,249.506,26.844,0.0,26.844,0.0,0.0,0.0,0.0,85.091,46.284,45.311074,0.2374,0.107588
El Modelo,2025-2026,11,42048.26,40496.203,579.002,2270.504,0.0,2270.504,0.0,0.0,0.0,0.0,90.084,67.39,72.621959,5.3997,3.921409
El Modelo,2025-2026,12,70947.52,68333.544,841.502,4552.985,0.0,4552.985,0.0,0.0,0.0,0.0,90.628,71.458,84.310577,6.4173,5.410545
El Modelo,2025-2026,13,81381.995,78374.811,950.502,5370.765,0.0,5370.765,0.0,0.0,0.0,0.0,89.731,71.418,85.620014,6.5994,5.650451
El Modelo,2025-2026,14,104800.255,100716.999,1203.002,7141.745,0.0,7141.745,0.0,0.0,0.0,0.0,90.306,70.699,87.115611,6.8146,5.936602
El Molino,2025-2026,10,33060.28,0.0,426.75,2460.575,0.0,2460.575,0.0,0.0,0.0,0.0,0.0,0.0,77.4699,7.4426,5.765846
El Molino,2025-2026,11,62670.6,0.0,797.45,5062.5,0.0,5062.5,0.0,0.0,0.0,0.0,0.0,0.0,78.588751,8.0779,6.34836
El Molino,2025-2026,12,79444.92,0.0,980.3,6710.825,0.0,6710.825,0.0,0.0,0.0,0.0,0.0,0.0,81.041436,8.4471,6.845684
El Molino,2025-2026,13,111200.78,0.0,1403.05,9931.575,0.0,9931.575,0.0,0.0,0.0,0.0,0.0,0.0,79.256462,8.9312,7.07856
El Molino,2025-2026,14,142945.93,0.0,1796.05,13265.2,0.0,13265.2,0.0,0.0,0.0,0.0,0.0,0.0,79.589059,9.2798,7.385763
Emiliano Zapata,2025-2026,9,16575.62,0.0,174.367,1017.325,0.0,1017.325,0.0,0.0,0.0,0.0,0.0,80.535,95.06168,6.1374,5.834389
Emiliano Zapata,2025-2026,10,57263.51,57263.51,433.74,6095.975,0.0,6095.975,0.0,0.0,0.0,0.0,0.0,83.236,132.022663,10.6454,14.054445
Emiliano Zapata,2025-2026,11,101314.63,101314.63,869.67,11737.575,0.0,11737.575,0.0,0.0,0.0,0.0,0.0,83.652,116.497786,11.5852,13.496584
Emiliano Zapata,2025-2026,12,146693.49,146693.49,1302.33,17595.725,0.0,17595.725,0.0,0.0,0.0,0.0,0.0,84.012,112.639261,11.9948,13.510957
Emiliano Zapata,2025-2026,13,191691.98,191691.98,1748.88,23336.8,0.0,23336.8,0.0,0.0,0.0,0.0,0.0,84.244,109.608423,12.1741,13.343854
Emiliano Zapata,2025-2026,14,234669.28,234669.28,2177.81,28845.95,0.0,28845.95,0.0,0.0,0.0,0.0,0.0,84.539,107.754707,12.2921,13.245393
Huixtla,2025-2026,9,33740.0,30348.337,335.238,1812.88,0.0,0.0,0.0,0.0,1812.88,0.0,86.264,70.786,100.644914,5.373,5.40774
Huixtla,2025-2026,10,85170.0,76217.807,869.259,6095.49,0.0,0.0,0.0,0.0,6095.49,0.0,90.579,76.217,97.980003,7.1568,7.012282
Huixtla,2025-2026,11,129430.0,113815.616,1277.362,9896.24,0.0,0.0,0.0,0.0,9896.24,0.0,92.644,77.852,101.326014,7.646,7.747404
Huixtla,2025-2026,12,178610.0,158459.223,1774.207,14332.03,0.0,0.0,0.0,0.0,14332.03,0.0,94.605,79.106,100.670327,8.0242,8.077992
Huixtla,2025-2026,13,222760.0,197105.928,2240.151,18275.23,0.0,3114.0,0.0,0.0,15161.23,0.0,96.634,79.687,99.439725,8.2039,8.158034
Huixtla,2025-2026,14,267090.0,235389.787,2715.032,21903.73,0.0,6742.5,0.0,0.0,15161.23,0.0,97.828,79.944,98.374531,8.2008,8.067577
José María Morelos,2025-2026,12,33051.04,30635.109,359.485,2371.775,0.0,2371.775,0.0,0.0,0.0,0.0,94.278,79.7974773,91.939969,7.176,6.597702
José María Morelos,2025-2026,13,62331.08,57751.522,688.589,5100.875,0.0,5100.875,0.0,0.0,0.0,0.0,95.189,80.4894214,90.520005,8.1835,7.40772
José María Morelos,2025-2026,14,90943.55,84270.626,1045.448,7820.3,0.0,7820.3,0.0,0.0,0.0,0.0,96.705,80.6424832,86.990027,8.599,7.480333
La Gloria,2025-2026,11,22919.78,0.0,281.265,889.723,0.0,889.723,0.0,0.0,0.0,0.0,0.0,0.0,81.488205,3.8819,3.16329
La Gloria,2025-2026,12,86489.18,83810.741,933.4,5706.026,0.0,5706.026,0.0,0.0,0.0,0.0,86.001,68.9535724,92.660359,6.5973,6.113162
La Gloria,2025-2026,13,129828.73,125824.911,1401.43,8853.269,0.0,8853.269,0.0,0.0,0.0,0.0,83.831,71.120664,92.640181,6.8191,6.31731
La Gloria,2025-2026,14,154192.19,149366.625,1665.16,10931.833,0.0,10931.833,0.0,0.0,0.0,0.0,83.913,71.9789434,92.599023,7.0897,6.565034
La Joya,2025-2026,13,55651.697,51621.429,830.622,3960.633,0.0,3960.633,0.0,0.0,0.0,0.0,104.948,70.5602854,67.000027,7.1168,4.768273
La Joya,2025-2026,14,103008.586,95974.172,1425.836,8291.5,0.0,8291.5,0.0,0.0,0.0,0.0,103.909,73.7468294,72.244343,8.0493,5.815184
La Margarita,2025-2026,10,42362.92,40682.338,435.19,3177.964,0.0,2251.05,0.0,0.0,926.914,0.0,105.573,81.1185899,97.343505,7.5017,7.302474
La Margarita,2025-2026,11,87960.92,84472.71,1545.74,7923.774,0.0,6987.8,0.0,0.0,935.974,0.0,105.536,81.4129092,56.905378,9.0082,5.126201
La Margarita,2025-2026,12,125657.18,120672.147,3207.19,11691.224,0.0,10275.9,0.0,0.0,1415.324,0.0,104.161,81.3593122,39.179836,9.304,3.645316
La Margarita,2025-2026,13,129993.5,124840.858,3287.19,12508.774,0.0,11084.175,0.0,0.0,1424.599,0.0,104.05,81.329115,39.545478,9.6226,3.805309
La Margarita,2025-2026,14,142568.5,136910.433,3338.29,13332.164,0.0,11084.175,0.0,0.0,2247.989,0.0,104.407,81.2978864,42.707044,9.3514,3.99371
Lázaro Cárdenas - Siembra,2025-2026,11,5695.0,5576.468,79.021,208.5,0.0,208.5,0.0,0.0,0.0,0.0,109.7387607,81.701,72.069449,3.6611,2.638539
Lázaro Cárdenas - Siembra,2025-2026,12,17420.0,17043.758,224.171,1282.5,1015.5,267.0,0.0,0.0,0.0,0.0,111.3937328,81.686,77.708535,7.3622,5.721078
Lázaro Cárdenas - Siembra,2025-2026,13,30745.0,30068.364,387.081,2754.0,2487.0,267.0,0.0,0.0,0.0,0.0,111.617314,82.077,79.42782,8.9575,7.114789
Lázaro Cárdenas - Siembra,2025-2026,14,42995.0,42072.19,525.451,3900.0,3633.0,267.0,0.0,0.0,0.0,0.0,111.8466462,82.345,81.824946,9.0708,7.422195
Mahuixtlán,2025-2026,8,10340.0,9719.6,117.144,655.5,0.0,655.5,0.0,0.0,0.0,100.254,106.6531915,81.771653,88.267431,6.3394,5.595677
Mahuixtlán,2025-2026,9,25890.0,24336.6,299.667,2203.5,0.0,2203.5,0.0,0.0,0.0,100.019,106.4031915,82.724664,86.395899,8.511,7.353162
Mahuixtlán,2025-2026,10,45702.0,42959.88,534.815,4116.0,0.0,4116.0,0.0,0.0,0.0,100.301,106.7031915,82.72336,85.453848,9.0061,7.696119
Mahuixtlán,2025-2026,11,62495.0,58745.3,725.885,5811.0,0.0,5811.0,0.0,0.0,0.0,100.5,106.9148936,82.689504,86.094904,9.2983,8.0054
Mahuixtlán,2025-2026,12,80245.0,75430.3,937.119,7576.5,0.0,7576.5,0.0,0.0,0.0,100.545,106.962766,82.834131,85.629466,9.4417,8.084885
Mahuixtlán,2025-2026,13,91995.0,86475.3,1081.239,8644.5,0.0,8644.5,0.0,0.0,0.0,99.691,106.0542553,82.459229,85.082946,9.3967,7.994994
Mahuixtlán,2025-2026,14,103920.0,97684.8,1234.442,9687.0,0.0,9687.0,0.0,0.0,0.0,98.766,105.0702128,82.239602,84.183785,9.3215,7.84727
Melchor Ocampo,2025-2026,7,20804.0,20047.242,119.14,1637.29,0.0,1637.29,0.0,0.0,0.0,115.711,120.0789437,82.444284,174.618096,7.87,13.742571
Melchor Ocampo,2025-2026,8,70913.0,68055.818,559.19,7482.594,0.0,7482.594,0.0,0.0,0.0,114.949,119.7748947,82.918779,126.813784,10.5517,13.381129
Melchor Ocampo,2025-2026,9,121285.0,116293.448,953.49,13242.822,0.0,13242.822,0.0,0.0,0.0,112.998,117.8481046,83.832586,127.201124,10.9187,13.888789
Melchor Ocampo,2025-2026,10,166298.0,159407.951,1382.06,18546.481,0.0,18546.481,0.0,0.0,0.0,112.749,117.6223211,84.329163,120.326179,11.1525,13.419447
Melchor Ocampo,2025-2026,11,199444.0,191184.576,1971.76,22003.627,0.0,22003.627,0.0,0.0,0.0,112.135,116.9793788,84.624151,101.150241,11.0324,11.159384
Melchor Ocampo,2025-2026,12,250456.0,240030.687,2171.96,27914.055,0.0,27914.055,0.0,0.0,0.0,112.586,117.475976,84.767793,115.313357,11.1452,12.852011
Melchor Ocampo,2025-2026,13,301586.0,288921.299,2726.11,33809.768,0.0,33809.768,0.0,0.0,0.0,113.089,118.0461921,84.808229,110.628698,11.2106,12.402202
Melchor Ocampo,2025-2026,14,351475.0,336669.924,3228.71,39661.683,0.0,39661.683,0.0,0.0,0.0,113.635,118.6321046,84.88552,108.859265,11.2843,12.284064
Pánuco,2025-2026,10,74906.17,68626.777,907.43,4689.45,0.0,2978.01,0.0,0.0,1711.44,0.0,99.92,72.3071353,82.547601,6.2604,5.167836
Pánuco,2025-2026,11,159733.76,145857.837,2052.43,12854.4,0.0,11142.96,0.0,0.0,1711.44,0.0,103.994,75.1996116,77.826654,8.0473,6.263015
Pánuco,2025-2026,12,209775.07,191508.381,2589.56,17168.44,0.0,15457.0,0.0,0.0,1711.44,0.0,103.53,75.7953891,81.007997,8.1842,6.629867
Pánuco,2025-2026,13,245164.48,224076.583,3068.45,20200.925,0.0,18489.485,0.0,0.0,1711.44,0.0,103.333,74.9965778,79.898476,8.2397,6.583429
Pánuco,2025-2026,14,292979.33,267828.145,3632.89,24846.92,0.0,23135.48,0.0,0.0,1711.44,0.0,105.209,75.2345735,80.646353,8.4807,6.839436
Pedernales,2025-2026,10,2300.0,2246.883,31.0,126.0,0.0,126.0,0.0,0.0,0.0,0.0,98.903,76.533,74.193548,5.4782,4.064516
Pedernales,2025-2026,11,15871.26,15553.828,178.5,1071.125,0.0,1071.125,0.0,0.0,0.0,0.0,99.906,77.532,88.914621,6.7488,6.0007
Pedernales,2025-2026,12,27554.17,27003.084,325.8,2246.9,0.0,2246.9,0.0,0.0,0.0,0.0,101.703,78.887,84.573879,8.1544,6.896562
Pedernales,2025-2026,13,40335.37,39528.659,461.4,3590.3,0.0,3590.3,0.0,0.0,0.0,0.0,103.906,79.95,87.419527,8.9011,7.781317
Pedernales,2025-2026,14,52760.84,51705.623,608.6,4907.425,0.0,4907.425,0.0,0.0,0.0,0.0,104.914,80.641,86.692145,9.3012,8.063465
Plan de Ayala,2025-2026,12,28500.0,27321.951,457.0,1936.5,1936.5,0.0,0.0,0.0,0.0,0.0,112.117,76.012,62.363238,6.7947,4.237417
Plan de Ayala,2025-2026,13,47045.0,44819.271,760.67,2890.5,2890.5,0.0,0.0,0.0,0.0,0.0,107.914,67.917,61.846792,6.1441,3.799939
Plan de Ayala,2025-2026,14,78441.0,74722.919,1270.05,5202.45,5202.45,0.0,0.0,0.0,0.0,0.0,109.038,64.843,61.762135,6.6323,4.096256
Plan de San Luis,2025-2026,11,75735.0,72289.425,974.0,5574.5,5574.5,0.0,0.0,0.0,0.0,0.0,115.716,76.52,77.756673,7.3605,5.723305
Plan de San Luis,2025-2026,12,117920.0,112429.693,1533.0,9803.25,9803.25,0.0,0.0,0.0,0.0,0.0,114.029,77.743,76.921069,8.3134,6.394814
Plan de San Luis,2025-2026,13,143768.79,136751.329,1927.0,12325.25,12325.25,0.0,0.0,0.0,0.0,0.0,113.763,77.63,74.607571,8.5729,6.396081
Plan de San Luis,2025-2026,14,148388.79,141029.774,2002.0,12727.25,12727.25,0.0,0.0,0.0,0.0,0.0,113.853,77.26,74.120274,8.5769,6.357267
Puga,2025-2026,11,15045.0,0.0,223.663,119.35,119.35,0.0,0.0,0.0,0.0,0.0,0.0,0.0,67.266378,0.7932,0.533615
Puga,2025-2026,12,54983.702,52758.785,817.41,2966.100002,2966.100002,0.0,0.0,0.0,0.0,0.0,91.1836474,81.180884,67.265756,5.3945,3.628656
Puga,2025-2026,13,95924.482,92030.896,1426.05,6877.325002,6877.325002,0.0,0.0,0.0,0.0,0.0,89.031101,81.425065,67.265861,7.1695,4.822639
Puga,2025-2026,14,130506.822,125252.985,1887.87,10276.231,10276.231,0.0,0.0,0.0,0.0,0.0,89.3422262,81.979355,69.129136,7.874,5.443293
Quesería,2025-2026,11,46565.0,45108.98,645.753,4021.05,0.0,4021.05,0.0,0.0,0.0,0.0,0.0,82.61,72.109614,8.6353,6.226916
Quesería,2025-2026,12,93103.0,90229.286,1046.767,8768.0,0.0,8768.0,0.0,0.0,0.0,0.0,0.0,82.983,88.943384,9.4175,8.376267
Quesería,2025-2026,13,136166.0,132067.172,1435.998,12979.5,0.0,12979.5,0.0,0.0,0.0,0.0,0.0,82.977,94.823251,9.5321,9.038661
Quesería,2025-2026,14,179504.0,174117.323,1861.743,17216.25,0.0,17216.25,0.0,0.0,0.0,0.0,0.0,83.016,96.417174,9.591,9.247382
San Cristóbal,2025-2026,12,2399.53,0.0,45.752,0.001,0.0,0.001,0.0,0.0,0.0,0.0,0.0,0.0,52.44645,0.0,2.1e-05
San Cristóbal,2025-2026,13,29767.51,28720.953,438.596,1454.05,0.0,1454.05,0.0,0.0,0.0,85.534,88.6507561,70.527933,67.869998,4.8846,3.315237
San Cristóbal,2025-2026,14,71144.71,68625.499,999.785,4030.879,0.0,4030.879,0.0,0.0,0.0,83.425,86.487494,72.95409,71.160009,5.6657,4.031745
San Francisco Ameca,2025-2026,10,16490.0,0.0,193.225,1525.5,0.0,1525.5,0.0,0.0,0.0,0.0,0.0,82.389,85.340923,9.251,7.894941
San Francisco Ameca,2025-2026,11,53800.0,52020.189,431.86,4008.0,0.0,4008.0,0.0,0.0,0.0,0.0,0.0,81.928,124.577409,7.4498,9.280785
San Francisco Ameca,2025-2026,12,101060.0,97699.127,868.28,8539.5,0.0,7573.5,966.0,0.0,0.0,0.0,0.0,82.411,116.391025,8.4499,9.834961
San Francisco Ameca,2025-2026,13,146115.0,141171.66,1341.57,13296.0,0.0,10348.5,2947.5,0.0,0.0,0.0,0.0,82.926,108.913437,9.0996,9.910776
San Francisco Ameca,2025-2026,14,193825.0,187175.436,1801.77,18109.5,0.0,11713.5,6396.0,0.0,0.0,0.0,0.0,83.224,107.574773,9.3432,10.050949
San José de Abajo,2025-2026,13,22974.92,22198.93,353.95,1150.5,0.0,1150.5,0.0,0.0,0.0,0.0,91.462,55.2904991,64.910072,5.0076,3.250459
San José de Abajo,2025-2026,14,42353.23,40887.269,628.477,2607.9,0.0,2607.9,0.0,0.0,0.0,0.0,88.962,60.3899768,67.390262,6.1574,4.149555
San Miguel del Naranjo,2025-2026,13,28676.314,27112.494,550.41,2254.5,0.0,2254.5,0.0,0.0,0.0,0.0,0.0,74.707,52.099914,7.8618,4.096037
San Miguel del Naranjo,2025-2026,14,80828.2,75740.835,1388.8,6688.5,0.0,6688.5,0.0,0.0,0.0,0.0,0.0,77.357,58.200028,8.2749,4.816028
San Nicolás,2025-2026,13,14918.4,14057.129,209.0,702.725,0.0,0.0,0.0,0.0,702.725,0.0,92.5060533,73.068524,71.379904,4.7104,3.36232
San Nicolás,2025-2026,14,14918.4,14057.129,209.0,702.725,0.0,0.0,0.0,0.0,702.725,0.0,92.5060533,73.069,71.379904,4.7104,3.36232
San Pedro,2025-2026,8,2845.0,0.0,37.455,0.0,0.0,0.0,0.0,0.0,0.0,0.0,0.0,37.399,75.957816,0.0,0.0
San Pedro,2025-2026,9,22012.0,21263.91,298.581,789.975,0.0,789.975,0.0,0.0,0.0,0.0,79.76,61.388,73.722038,3.5888,2.645764
San Pedro,2025-2026,10,44316.0,42827.67,543.411,2114.975,0.0,2114.975,0.0,0.0,0.0,0.0,77.91,67.323,81.551532,4.7724,3.892035
San Pedro,2025-2026,11,74861.0,72396.896,927.751,3972.35,0.0,3972.35,0.0,0.0,0.0,0.0,77.736,68.291,80.690831,5.3063,4.281698
San Pedro,2025-2026,12,109319.0,105705.029,1246.071,6788.075,0.0,6788.075,0.0,0.0,0.0,0.0,78.921,69.889,87.730955,6.2094,5.447582
San Pedro,2025-2026,13,115426.0,111632.056,1448.247,7542.65,0.0,7542.65,0.0,0.0,0.0,0.0,78.973,70.137,79.700493,6.5346,5.208124
San Pedro,2025-2026,14,123502.0,119451.745,1514.8,7997.65,0.0,7997.65,0.0,0.0,0.0,0.0,78.382,70.097,81.530235,6.4757,5.279673
Santa Clara,2025-2026,11,1625.0,0.0,22.287,0.0,0.0,0.0,0.0,0.0,0.0,0.0,0.0,66.445,72.91246,0.0,0.0
Santa Clara,2025-2026,12,15335.0,14589.61,207.603,767.7,0.0,767.7,0.0,0.0,0.0,0.0,101.282,73.401,73.866947,5.0061,3.697923
Santa Clara,2025-2026,13,39967.0,38175.51,499.563,3178.75,0.0,3178.75,0.0,0.0,0.0,0.0,104.233,76.268,80.003923,7.9534,6.363061
Santa Clara,2025-2026,14,64877.0,61988.4,814.45,5765.0,0.0,5765.0,0.0,0.0,0.0,0.0,104.027,78.269,79.657437,8.886,7.078396
Santa Rosalía,2025-2026,9,10172.42,0.0,164.496,646.5,0.0,0.0,0.0,646.5,0.0,0.0,0.0,74.009,61.839923,6.3554,3.930186
Santa Rosalía,2025-2026,10,46220.96,44890.795,691.65,3733.5,0.0,0.0,0.0,3733.5,0.0,0.0,0.0,76.966,66.827094,8.0775,5.397961
Santa Rosalía,2025-2026,11,61553.34,59836.428,886.68,5401.5,0.0,0.0,0.0,5401.5,0.0,0.0,0.0,77.907,69.420016,8.7753,6.091825
Santa Rosalía,2025-2026,12,70952.12,68965.654,1031.431,5887.5,0.0,0.0,0.0,5887.5,0.0,0.0,0.0,77.951,68.789982,8.2978,5.708089
Santa Rosalía,2025-2026,13,85205.62,82776.683,1252.103,7495.5,0.0,0.0,0.0,7495.5,0.0,0.0,0.0,77.084,68.050008,8.7969,5.986328
Santa Rosalía,2025-2026,14,85205.62,82776.683,1252.103,7495.5,0.0,0.0,0.0,7495.5,0.0,0.0,0.0,77.084,68.050008,8.7969,5.986328
Tala - Siembra,2025-2026,11,60203.5,58184.257,664.37,3483.0,1151.0,2302.0,30.0,0.0,0.0,0.0,97.6174477,79.826,90.617427,5.7853,5.24256
Tala - Siembra,2025-2026,12,147370.9,142466.982,1600.52,12153.275,5047.675,6925.6,180.0,0.0,0.0,0.0,98.7418153,80.721,92.076887,8.2467,7.593329
Tala - Siembra,2025-2026,13,240333.52,229775.032,2653.08,21642.85,9245.5,12095.85,301.5,0.0,0.0,0.0,100.9884605,81.818,90.586608,9.0053,8.157631
Tala - Siembra,2025-2026,14,338467.92,323553.678,3733.79,31382.0,13874.325,17023.175,484.5,0.0,0.0,0.0,102.7716159,82.304,90.649961,9.2717,8.404864
Tres Valles,2025-2026,10,25572.0,0.0,450.133,528.0,528.0,0.0,0.0,0.0,0.0,0.0,0.0,72.248,56.809876,2.0647,1.172986
Tres Valles,2025-2026,11,107210.0,103403.056,1556.348,6765.0,6765.0,0.0,0.0,0.0,0.0,0.0,100.58,74.632,68.885621,6.31,4.346714
Tres Valles,2025-2026,12,169874.0,163837.105,2479.497,12670.5,12670.5,0.0,0.0,0.0,0.0,0.0,100.062,76.381,68.511476,7.4587,5.110109
Tres Valles,2025-2026,13,179274.0,172935.607,2573.838,14130.2,14130.2,0.0,0.0,0.0,0.0,0.0,99.909,76.388,69.652402,7.8819,5.489933
Tres Valles,2025-2026,14,229455.0,221493.702,3280.068,17970.35,17970.35,0.0,0.0,0.0,0.0,0.0,100.188,76.835,69.954342,7.8317,5.478651
